course_name,course_img,course_price,course_desc,last_update,sub_id,level_id,course_status,durationDAY,course_Title
Xác su?t th?ng kê I,img/course-2-1,75000 ,"Khóa h?c xác su?t và th?ng kê là m?t khóa h?c co b?n giúp ngu?i h?c hi?u v? cách tính toán và áp d?ng các khái ni?m co b?n c?a hai linh v?c này. Nó du?c thi?t k? d? giúp ngu?i m?i b?t d?u có du?c ki?n th?c và k? nang can b?n trong xác su?t và th?ng kê.

Trong khóa h?c này, b?n s? du?c gi?i thi?u v?i các khái ni?m co b?n nhu bi?n s?, phân ph?i, chu?i th?i gian và mô hình h?i quy tuy?n tính. B?n s? h?c cách tính toán trung bình, phuong sai, d? l?ch chu?n và các d?i lu?ng th?ng kê khác.

Bên c?nh dó, khóa h?c cung s? giúp b?n hi?u rõ hon v? các phuong pháp th?ng kê co b?n d? xác d?nh m?i quan h? gi?a các bi?n s? trong t?p d? li?u. B?n s? h?c cách xây d?ng mô hình cho các d? li?u liên t?c và r?i r?c.

Khóa h?c s? d?ng các ví d? và bài t?p giúp ngu?i h?c áp d?ng nh?ng ki?n th?c dã h?c vào th?c t? và n?m v?ng các k? nang th?ng kê co b?n. V?i khóa h?c này, b?n s? có du?c n?n t?ng v?ng ch?c d? ti?p t?c h?c t?p và phát tri?n ki?n th?c th?c t? trong linh v?c xác su?t và th?ng kê.""",3/3/2022,2,1,3/5/2022,30,Xác su?t th?ng kê cho ngu?i m?i b?t d?u
Ð?i s? tuy?n tính I,img/course-2-2,75000 ,"Khóa h?c d?i s? tuy?n tính là m?t khóa h?c co b?n trong toán h?c, và du?c gi?i thi?u cho nh?ng ngu?i m?i b?t d?u h?c toán. Khóa h?c này gi?ng d?y v? các phuong pháp d? gi?i các bài toán liên quan d?n h? d?i s? tuy?n tính.

Trong khóa h?c này, b?n s? b?t d?u v?i ki?n ??th?c co b?n v? d?i s? tuy?n tính, bao g?m các khái ni?m v? ma tr?n, vector và h? phuong trình tuy?n tính. Sau dó, b?n s? h?c v? các phép tính co b?n trong d?i s? tuy?n tính, bao g?m c?ng, tr?, nhân ma tr?n và tích vô hu?ng.

Sau khi hoàn thành ph?n co b?n, khóa h?c s? ti?p t?c v?i vi?c gi?i các h? phuong trình tuy?n tính b?ng các phuong pháp khác nhau, bao g?m phuong pháp kh? Gauss và d?nh th?c. B?n s? h?c cách áp d?ng các phuong pháp này vào các ví d? th?c t?, nhu trong khoa h?c máy tính và ki thu?t di?n t?.

Khóa h?c d?i s? tuy?n tính r?t quan tr?ng trong nhi?u linh v?c khác nhau, bao g?m khoa h?c máy tính, ki thu?t và khoa h?c d? li?u. N?u b?n mu?n b?t d?u h?c toán ho?c mu?n nâng cao ki?n ??th?c c?a mình trong linh v?c này, thì dây là m?t khóa h?c tuy?t v?i d? b?t d?u.",3/4/2022,2,1,3/6/2022,30,Ð?i s? tuy?n tính cho ngu?i m?i b?t d?u
Gi?i tích I,img/course-2-3,75000 ,"Khóa h?c gi?i tích là m?t khóa h?c co b?n trong toán h?c và nó dành cho nh?ng ngu?i m?i b?t d?u h?c toán. Khóa h?c này s? giúp b?n hi?u các khái ni?m co b?n c?a gi?i tích, t? dó giúp b?n có th? áp d?ng ki?n th?c này vào các v?n d? trong cu?c s?ng hàng ngày.

Trong khóa h?c này, b?n s? b?t d?u v?i các khái ni?m co b?n nhu d?o hàm và tích phân. B?n s? h?c cách tính d?o hàm c?a m?t hàm s? và cách s? d?ng d?o hàm d? tìm c?c tr? c?a m?t hàm s?. Sau dó, khóa h?c s? gi?i thi?u cho b?n v? tích phân và các phuong pháp tính toán tích phân don gi?n.

Sau khi hoàn thành ph?n co b?n, khóa h?c s? ti?p t?c v?i vi?c gi?i thi?u cho b?n các khái ni?m cao c?p hon, bao g?m phép tích phân du?ng, phép tích phân ba chi?u và phuong trình vi phân. B?n s? h?c cách s? d?ng các phuong pháp này d? gi?i quy?t các v?n d? trong nhi?u linh v?c khác nhau, bao g?m khoa h?c máy tính, k? thu?t và v?t lý.

Khóa h?c gi?i tích r?t quan tr?ng trong nhi?u linh v?c, d?c bi?t là trong khoa h?c t? nhiên và k? thu?t. N?u b?n mu?n b?t d?u h?c toán ho?c mu?n nâng cao ki?n ??th?c c?a mình trong linh v?c này, thì dây là m?t khóa h?c tuy?t v?i d? b?t d?u.",3/5/2022,2,1,3/7/2022,30,Gi?i tích cho ngu?i m?i b?t d?u
Toán r?i r?c I,img/course-2-4,75000 ,"Khóa h?c toán r?i r?c là m?t khóa h?c co b?n trong toán h?c và giành cho nh?ng ngu?i m?i b?t d?u h?c toán. Khóa h?c này s? giúp b?n hi?u các khái ni?m co b?n c?a toán r?i r?c, t? dó giúp b?n có th? áp d?ng ki?n th?c này vào các v?n d? trong cu?c s?ng hàng ngày.

Trong khóa h?c này, b?n s? du?c gi?i thi?u v?i các khái ni?m co b?n nhu t?p h?p, d? th?, quan h? và logic. B?n s? h?c cách phân tích các t?p h?p, hi?u du?c các thu?c tính co b?n c?a chúng và cách s? d?ng chúng d? gi?i quy?t các v?n d?.

Sau khi hoàn thành ph?n co b?n, khóa h?c s? gi?i thi?u cho b?n v? các khái ni?m nâng cao hon, bao g?m lu?ng t?, hàm sinh và combinatorics. B?n s? h?c cách s? d?ng các phuong pháp này d? gi?i quy?t các v?n d? liên quan d?n xác su?t và th?ng kê, và áp d?ng chúng vào các ví d? th?c t? nhu trong khoa h?c máy tính, tài chính và kinh doanh.

Khóa h?c toán r?i r?c là r?t quan tr?ng trong nhi?u linh v?c, d?c bi?t là trong khoa h?c máy tính, k? thu?t và kinh doanh. N?u b?n mu?n b?t d?u h?c toán ho?c mu?n nâng cao ki?n ??th?c c?a mình trong linh v?c này, thì dây là m?t khóa h?c tuy?t v?i d? b?t d?u.",3/6/2022,2,1,3/8/2022,30,Toán r?i r?c cho ngu?i m?i b?t d?u
Hình h?c gi?i tích I,img/course-2-5,75000 ,"Khóa h?c hình h?c gi?i tích là m?t khóa h?c co b?n trong toán h?c và ch? y?u dành cho nh?ng ngu?i m?i b?t d?u h?c toán. Khóa h?c này s? giúp b?n hi?u các khái ni?m co b?n c?a hình h?c gi?i tích, t? dó giúp b?n có th? áp d?ng ki?n th?c này vào các v?n d? trong cu?c s?ng hàng ngày.

Trong khóa h?c này, b?n s? du?c gi?i thi?u v?i các khái ni?m co b?n v? không gian vector và d?i s? tuy?n tính, t? dó b?n s? h?c cách áp d?ng các khái ni?m này d? gi?i quy?t các v?n d? hình h?c. B?n s? h?c cách bi?u di?n các d?i tu?ng hình h?c nhu di?m, du?ng, m?t ph?ng và da giác b?ng cách s? d?ng ma tr?n và vector.

Sau khi hoàn thành ph?n co b?n, khóa h?c s? gi?i thi?u cho b?n v? các khái ni?m nâng cao hon, bao g?m hình h?c riêng và gi?i tích riêng. B?n s? h?c cách tính gradient và divergence c?a m?t hàm s?, và cách s? d?ng chúng d? gi?i quy?t các v?n d? liên quan d?n hình h?c và v?t lý.

Khóa h?c hình h?c gi?i tích là r?t quan tr?ng trong nhi?u linh v?c, d?c bi?t là trong khoa h?c máy tính, k? thu?t và v?t lý. N?u b?n mu?n b?t d?u h?c toán ho?c mu?n nâng cao ki?n ??th?c c?a mình trong linh v?c này, thì dây là m?t khóa h?c tuy?t v?i d? b?t d?u.",3/7/2022,2,1,3/9/2022,30,Hình h?c gi?i tích cho ngu?i m?i b?t d?u
Ð?i s? d?i cuong,img/course-2-6,75000 ,"Khóa h?c d?i s? d?i cuong là m?t khóa h?c cung c?p ki?n th?c co b?n v? d?i s? cho ngu?i m?i b?t d?u. Khóa h?c này giúp b?n hi?u các khái ni?m co b?n c?a d?i s?, bao g?m các phép tính c?ng, tr?, nhân, chia, và quy t?c uu tiên trong các phép tính.

Ngoài ra, khóa h?c còn gi?i thi?u v? các khái ni?m quan tr?ng nhu bi?u th?c d?i s?, phép ngh?ch d?o, phân s? và d?nh lý Pythagoras. B?n s? du?c h?c cách gi?i các bài toán don gi?n s? d?ng các ki?n th?c này.

Các bài t?p trong khóa h?c cung r?t h?u ích d? b?n có th? áp d?ng các ki?n th?c dã h?c vào th?c t?. Cu?i khóa h?c, b?n s? có du?c n?n t?ng v?ng ch?c v? d?i s? d? ti?p t?c h?c t?p nh?ng ch? d? nâng cao hon, ch?ng h?n nhu d?i s? tuy?n tính hay d?i s? d?i s?.

M?t s? khóa h?c d?i s? d?i cuong có th? yêu c?u ki?n th?c toán h?c co b?n, tuy nhiên, n?u b?n không có ki?n th?c toán h?c tru?c dó, các khóa h?c này cung s? giúp b?n h?c du?c nh?ng k? nang c?n thi?t d? gi?i quy?t các bài toán don gi?n.

Khóa h?c d?i s? d?i cuong là m?t khóa h?c cung c?p ki?n th?c co b?n v? d?i s? cho ngu?i m?i b?t d?u. Khóa h?c này giúp b?n hi?u các khái ni?m co b?n c?a d?i s?, bao g?m các phép tính c?ng, tr?, nhân, chia, và quy t?c uu tiên trong các phép tính.

Ngoài ra, khóa h?c còn gi?i thi?u v? các khái ni?m quan tr?ng nhu bi?u th?c d?i s?, phép ngh?ch d?o, phân s? và d?nh lý Pythagoras. B?n s? du?c h?c cách gi?i các bài toán don gi?n s? d?ng các ki?n th?c này.

Các bài t?p trong khóa h?c cung r?t h?u ích d? b?n có th? áp d?ng các ki?n th?c dã h?c vào th?c t?. Cu?i khóa h?c, b?n s? có du?c n?n t?ng v?ng ch?c v? d?i s? d? ti?p t?c h?c t?p nh?ng ch? d? nâng cao hon, ch?ng h?n nhu d?i s? tuy?n tính hay d?i s? d?i s?.

M?t s? khóa h?c d?i s? d?i cuong có th? yêu c?u ki?n th?c toán h?c co b?n, tuy nhiên, n?u b?n không có ki?n th?c toán h?c tru?c dó, các khóa h?c này cung s? giúp b?n h?c du?c nh?ng k? nang c?n thi?t d? gi?i quy?t các bài toán don gi?n.",3/8/2022,2,1,3/10/2022,30,Gi?i thi?u v? môn d?i s?
Th?c hành tính toán,img/course-2-7,75000 ,"Khóa h?c th?c hành tính toán cho ngu?i m?i b?t d?u có th? bao g?m các ch? d? sau:

Các phép tính co b?n: Khóa h?c có th? b?t d?u v?i vi?c gi?i thi?u các phép tính co b?n nhu c?ng, tr?, nhân và chia d? xây d?ng n?n t?ng cho t? h?p tính toán ph?c t?p hon.

Th?c hành v?i b? d?m: Khóa h?c có th? cho sinh viên th?c hành v?i b? d?m d? làm quen v?i các s? h?c co b?n và cách tính toán chúng.

Ð?i don v? do: Các bài t?p trong khóa h?c có th? yêu c?u sinh viên chuy?n d?i gi?a các don v? do khác nhau nhu mét, feet, inch, kilogram, pound, gram,...

Tính toán trong cu?c s?ng hàng ngày: Khóa h?c có th? gi?i thích nh?ng ví d? c? th? trong cu?c s?ng hàng ngày khi ph?i áp d?ng tính toán nhu tính thu?, tính ti?n tip, tính luong,...

S? d?ng ?ng d?ng tính toán: Ngoài vi?c s? d?ng máy tính, khóa h?c có th? gi?i thi?u các ?ng d?ng tính toán khác nhu b?ng tính Excel, Matlab, Python d? giúp sinh viên có th? áp d?ng ki?n th?c tính toán vào các bài toán th?c t?.

Gi?i quy?t v?n d?: Khóa h?c có th? cung c?p cho sinh viên m?t s? bài toán d? th?c hành gi?i quy?t v?n d? và trình bày các phuong pháp, k?t qu? c?a mình.

T?t c? các ch? d? trên d?u du?c thi?t k? d? giúp sinh viên m?i b?t d?u tích luy ki?n th?c và k? nang tính toán co b?n và ?ng d?ng chúng vào cu?c s?ng hàng ngày.",3/9/2022,2,1,3/11/2022,30,Cung c?p các ki nang th?c hành tính toán co b?n
Topo d?i cuong,img/course-2-8,75000 ,"Topology là m?t nhánh c?a toán h?c nghiên c?u tính ch?t không gian và du?ng cong. M?t khóa h?c topology cho ngu?i m?i b?t d?u thu?ng bao g?m các khái ni?m co b?n, ví d? nhu:

Khái ni?m v? t?p h?p, d? do kho?ng cách và hình d?ng c?a các d?i tu?ng không gian.
Các khái ni?m co b?n trong topology nhu d?nh nghia v? không gian metric, không gian topological, và các tính ch?t c?a chúng nhu liên thông, phân ho?ch, dóng/m?, du?c xác d?nh b?ng cách s? d?ng các t?p con.
Các d?nh lý co b?n trong topology nhu d?nh lý Banach-Tarski (v? phân tích m?t kh?i c?u thành nhi?u ph?n và tái l?p chúng thành hai kh?i c?u có di?n tích l?n hon), d?nh lý Euler (liên quan d?n s? d?ng c?a các da di?n trên không gian Euclide) và d?nh lý Jordan (dua ra di?u ki?n d? m?t du?ng cong du?c chia thành hai ph?n không giao).
?ng d?ng c?a topology trong các linh v?c khác nhu v?t lý, sinh h?c, kinh t?, và máy tính.
M?t khóa h?c topology cho ngu?i m?i b?t d?u thu?ng s? d?ng phuong pháp gi?ng d?y tr?c quan, v?i vi?c s? d?ng hình ?nh và ví d? d? gi?i thích các khái ni?m và d?nh lý. Ngoài ra, các bài t?p và ví d? cung du?c s? d?ng d? giúp h?c sinh hi?u sâu hon các khái ni?m và áp d?ng chúng vào nh?ng v?n d? th?c t?.",3/10/2022,2,1,3/12/2022,30,Gi?i thi?u v? Topology
Co s? hình h?c vi phân,img/course-2-9,75000 ,"Khóa h?c co s? hình h?c vi phân là m?t khóa h?c giúp ngu?i h?c hi?u v? các khái ni?m và công c? co b?n c?a hình h?c vi phân. Khóa h?c bao g?m các ch? d? nhu d?o hàm, tích phân và các ?ng d?ng c?a chúng trong hình h?c và v?t lý.

Trong khóa h?c này, ngu?i h?c s? du?c gi?i thi?u v?i các khái ni?m can b?n c?a d?o hàm, bao g?m d?o hàm riêng, d?o hàm c?a hàm s? t?ng quát và m?t s? tính ch?t quan tr?ng c?a d?o hàm. Sau dó, khóa h?c s? ti?p t?c v?i tích phân, bao g?m tích phân không xác d?nh, tích phân xác d?nh và tích phân du?ng cong.

Ngoài ra, khóa h?c cung gi?i thi?u các ?ng d?ng c?a hình h?c vi phân trong các linh v?c khác nhau, bao g?m các bài toán liên quan d?n t?c d? và gia t?c, tìm di?n tích và th? tích, các bài toán t?i uu và các bài toán liên quan d?n các phuong trình vi phân.

Ð? ti?p c?n khóa h?c này, ngu?i h?c c?n có ki?n th?c can b?n v? d?i s? và tính toán, bao g?m gi?i phuong trình và véc-to. Ngoài ra, ngu?i h?c cung c?n có hi?u bi?t co b?n v? các hàm s? và d? th? c?a chúng.",3/11/2022,2,1,3/13/2022,30,Gi?i thi?u v? hình h?c vi phân
Gi?i tích hàm,img/course-2-10,100000 ,"Khóa h?c v? Gi?i tích hàm s? cung c?p cho b?n nh?ng ki?n th?c và k? nang c?n thi?t d? phân tích, gi?i quy?t các bài toán liên quan d?n tích phân và vi phân. Khóa h?c này thu?ng bao g?m các ch? d? nhu lu?ng giác, d?o hàm, tích phân, nguyên hàm, tính gi?i h?n và các ?ng d?ng c?a Gi?i tích hàm trong các linh v?c khác nhau.

Trong khóa h?c này, b?n s? h?c cách tính d?o hàm c?a m?t hàm s?, tìm giá tr? c?c tr? và các di?m u?n c?a m?t d? th?. B?n cung s? du?c h?c cách tính tích phân c?a m?t hàm và s? d?ng các công th?c tích phân d? gi?i quy?t các bài toán ph?c t?p. Ngoài ra, b?n còn du?c gi?i thi?u v?i khái ni?m nguyên hàm và các ?ng d?ng c?a nó.

Khóa h?c có th? du?c thi?t k? cho các sinh viên khoa h?c, k? thu?t, toán h?c ho?c các chuyên ngành liên quan d?n qu?n lý, kinh t?, y t?... Các phuong pháp gi?ng d?y trong khóa h?c có th? bao g?m bài gi?ng tr?c ti?p, th?o lu?n nhóm và các bài t?p th?c hành d? h? tr? vi?c h?c t?p c?a sinh viên.",3/12/2022,2,1,3/14/2022,60,Nâng cao ki nang gi?i tích v?i gi?i tích hàm
Th?ng kê ?ng d?ng,img/course-2-11,100000 ,"Khóa h?c v? th?ng kê ?ng d?ng s? cung c?p cho h?c viên nh?ng ki?n th?c co b?n và nâng cao v? th?ng kê và ?ng d?ng c?a nó. Khóa h?c này giúp các h?c viên hi?u du?c lý thuy?t th?ng kê và cách áp d?ng nó vào các tình hu?ng th?c t? trong công vi?c ho?c nghiên c?u.

Trong khóa h?c, h?c viên s? du?c gi?i thi?u v? các phuong pháp th?ng kê co b?n, bao g?m nh?ng khái ni?m quan tr?ng nhu d? tin c?y, t?n su?t, trung bình, d? l?ch chu?n và phuong sai. H? cung s? du?c hu?ng d?n cách s? d?ng các công c? th?ng kê d? phân tích d? li?u và dua ra k?t lu?n chính xác t? nh?ng thông tin thu th?p du?c.

Ngoài ra, khóa h?c còn gi?i thi?u v? các phuong pháp th?ng kê tiên ti?n nhu h?i quy tuy?n tính, ANOVA và phân tích chi?u sâu (PCA), và cách áp d?ng chúng d? gi?i quy?t các v?n d? ph?c t?p hon.

Cu?i cùng, khóa h?c cung s? dua ra m?t s? ví d? c? th? v? ?ng d?ng th?ng kê trong nhi?u linh v?c, bao g?m kinh doanh, khoa h?c d? li?u và y h?c. H?c viên s? du?c trang b? nh?ng ki?n th?c c?n thi?t d? áp d?ng th?ng kê vào công vi?c ho?c nghiên c?u c?a mình m?t cách hi?u qu? và chuyên nghi?p.",3/13/2022,2,2,3/15/2022,60,Áp d?ng thông kê vào bài toán th?c ti?n
Gi?i tích ph?c,img/course-2-12,100000 ,"Khóa h?c v? gi?i tích ph?c là m?t khóa h?c chuyên sâu v? các phuong pháp và k? thu?t trong linh v?c gi?i tích ph?c. Gi?i tích ph?c là m?t nhánh c?a toán h?c nghiên c?u tính toán trên s? ph?c, bao g?m các hàm ph?c, tích ph?c, d?o hàm ph?c và tích phân ph?c.

Trong khóa h?c này, sinh viên s? h?c v? các khái ni?m co b?n c?a gi?i tích ph?c, bao g?m các hàm ph?c liên t?c, d?o hàm ph?c, tích phân ph?c, phép bi?n d?i Fourier và chu?i Laurent. Sinh viên s? du?c gi?i thi?u v?i các ?ng d?ng quan tr?ng c?a gi?i tích ph?c trong các linh v?c khác nhau, nhu lý thuy?t di?u khi?n, v?t lý lu?ng t? và khoa h?c máy tính.

Các ch? d? c? th? có th? bao g?m:

Phuong pháp tính toán v?i các hàm ph?c
Tích phân ph?c và nguyên hàm ph?c
Chu?i Laurent
Ð?nh lí Morera và d?nh lí Cauchy
Ð?o hàm ph?c và công th?c Cauchy–Riemann
Nguyên lý siêu còi và phép bi?n d?i Fourier
Các ?ng d?ng c?a gi?i tích ph?c trong lý thuy?t di?u khi?n, v?t lý lu?ng t? và khoa h?c máy tính.
Khóa h?c này thu?ng là m?t ph?n c?a chuong trình dào t?o tiên ti?n trong toán h?c và các ngành liên quan. Sau khi hoàn thành, sinh viên s? có du?c ki?n th?c co b?n và k? nang d? áp d?ng gi?i tích ph?c vào vi?c nghiên c?u và gi?i quy?t các v?n d? th?c t?.",3/14/2022,2,2,3/16/2022,60,Nâng cao ki nang gi?i tích v?i gi?i tích ph?c
Gi?i tích II,img/course-2-13,100000 ,"Khóa h?c Gi?i tích II là m?t khóa h?c tiên ti?n trong linh v?c toán h?c, thông thu?ng du?c d?y trong các tru?ng d?i h?c và cao d?ng. Khóa h?c này nh?m cung c?p cho sinh viên ki?n ??th?c v? các ch? d? toán h?c tiên ti?n nhu: tích phân da bi?n, chu?i công b?i, dãy Fourier và gi?i phuong trình vi phân.

Các ch? d? c? th? có th? bao g?m:

Tích phân da bi?n: T?ng quan v? tích phân da bi?n, và các công th?c tính toán co b?n.

Chu?i công b?i: T?ng quan v? chu?i công b?i và chu?i Taylor, các d?nh lý c?a chúng và ?ng d?ng c?a chúng.

Các d?nh lý v? tích phân: Bao g?m d?nh lý Fubini và các d?nh lý v? tích phân Riemann và Lebesgue.

Dãy Fourier: T?ng quan v? dãy Fourier và ?ng d?ng c?a chúng trong gi?i phuong trình vi phân.

Phuong trình vi phân: Gi?i thi?u v? phuong trình vi phân và các phuong pháp gi?i phuong trình vi phân d?c bi?t, bao g?m phuong pháp Picard, phuong pháp Laplace và phuong pháp sinh.

Trong khóa h?c này, sinh viên s? du?c th?c hành gi?i quy?t các bài t?p và ?ng d?ng th?c t? c?a các ch? d? toán h?c tiên ti?n này. Khóa h?c Gi?i tích II là m?t bu?c ti?n quan tr?ng trong vi?c nâng cao ki?n ??th?c toán h?c c?a sinh viên và chu?n b? cho các khóa h?c toán h?c chuyên sâu hon sau này.",3/15/2022,2,2,3/17/2022,60,Nâng t?m ki?n th?c v? b? môn gi?i tích
Ð?i s? tuy?n tính II,img/course-2-14,100000 ,"Khóa h?c Ð?i s? tuy?n tính II (Linear Algebra II) là m?t khóa h?c cao c?p trong linh v?c d?i s? tuy?n tính, nó xây d?ng trên các ki?n th?c co b?n dã du?c d?nh nghia trong khóa h?c Ð?i s? tuy?n tính I.

Trong khóa h?c này, sinh viên s? tìm hi?u v? các ch? d? nhu không gian vector, ánh x? tuy?n tính, ma tr?n và d?nh th?c, giá tr? riêng và vector riêng, phân tích giá tr? suy bi?n và ?ng d?ng c?a d?i s? tuy?n tính trong th?c t?.

Ngoài ra, sinh viên cung s? h?c cách gi?i quy?t các bài toán liên quan d?n các ch? d? này b?ng cách s? d?ng các k? thu?t tính toán và ki nang l?p trình.

Khóa h?c này có th? du?c áp d?ng r?ng rãi trong nhi?u linh v?c nhu khoa h?c máy tính, v?t lý, kinh t? h?c, qu?n lý kinh doanh và nhi?u linh v?c khác.",3/16/2022,2,2,3/18/2022,60,Nâng t?m ki?n th?c v? b? môn d?i s? tuy?n tính
Toán r?i r?c II,img/course-2-15,100000 ,"Khóa h?c Toán r?i r?c II (Discrete Mathematics II) là m?t khóa h?c tiên ti?n trong linh v?c toán h?c, du?c thi?t k? d? giúp sinh viên có ki?n th?c co b?n v? Toán r?i r?c ti?p t?c phát tri?n các k? nang và ki?n ??th?c chuyên sâu v? lý thuy?t d? th?, lý thuy?t t?i uu, lý thuy?t mã hóa, lý thuy?t ngôn ng? hình th?c, lý thuy?t thông tin, và m?t s? ch? d? khác.

Khóa h?c này bao g?m các ch? d? nhu: Ð? th? và t? h?p, Các thu?t toán trên d? th?, Lý thuy?t t?i uu, T? h?p và xác su?t, L?p trình t?i uu, Ð? ph?c t?p tính toán, Lý thuy?t mã hóa và Gi?i mã, Ngôn ng? hình th?c và Tính toán lý thuy?t thông tin.

Sinh viên s? du?c h?c các khái ni?m và công c? co b?n d? thi?t k?, phân tích và c?i ti?n các thu?t toán, cung nhu phát tri?n các k? nang l?p trình d? gi?i quy?t các v?n d? liên quan d?n d? th? và t?i uu hoá. Ngoài ra, sinh viên s? du?c gi?i thi?u các khái ni?m co b?n v? lý thuy?t thông tin và mã hóa d? xây d?ng các h? th?ng b?o m?t và truy?n thông hi?u qu?.

Khóa h?c Toán r?i r?c II là m?t khóa h?c quan tr?ng và r?t h?u ích d?i v?i nh?ng ai quan tâm d?n các ch? d? liên quan d?n toán h?c ?ng d?ng và khoa h?c máy tính.",3/17/2022,2,2,3/19/2022,60,Nâng t?m ki?n th?c v? b? môn toán r?i r?c
Hình h?c gi?i tích II,img/course-2-16,100000 ,"Khóa h?c Hình h?c gi?i tích II là m?t khóa h?c nâng cao trong ngành Toán h?c, t?p trung vào vi?c khai thác các ki?n th?c v? hình h?c và gi?i tích d? gi?i quy?t các bài toán ph?c t?p. Trong khóa h?c này, sinh viên s? du?c h?c v? các ch? d? nhu:

Nghiên c?u v? các d?ng s? ph?c và ?ng d?ng c?a chúng trong hình h?c.

Các phép bi?n d?i hình h?c và tính ch?t c?a chúng, bao g?m phép xoay, phép t?nh ti?n và phép co giãn.

Phuong pháp tính tích phân du?ng và ?ng d?ng trong tìm di?n tích và th? tích.

Bài toán v? du?ng cong và di?n tích b? gi?i h?n b?i du?ng cong.

Tính ch?t c?a các du?ng cong n?i ti?ng nhu parabol, elip, hyperbol và cycloid.

Sinh viên s? du?c h?c thông qua các bài gi?ng lý thuy?t cùng v?i các bài t?p th?c hành d? áp d?ng các ki?n th?c dã h?c vào gi?i quy?t các bài toán th?c t?. Khóa h?c này dòi h?i sinh viên có ki?n th?c co b?n v? hình h?c gi?i tích và các k? nang tính toán, do dó nó thu?ng du?c gi?ng d?y ? trình d? cao hon trong chuong trình Toán h?c c?a các tru?ng d?i h?c.",3/18/2022,2,2,3/20/2022,60,Nâng t?m ki?n th?c v? b? môn hình h?c gi?i tích
Xác su?t th?ng kê II,img/course-2-17,100000 ,"Khóa h?c v? Xác su?t th?ng kê II là m?t khóa h?c tiên ti?n trong linh v?c xác su?t và th?ng kê. Khóa h?c này t?p trung vào các phuong pháp nâng cao d? gi?i quy?t các v?n d? ph?c t?p trong xác su?t và th?ng kê.

Trong khóa h?c này, sinh viên s? du?c h?c các ch? d? nhu:

Các phân ph?i xác su?t liên t?c và r?i r?c, bao g?m phân ph?i chu?n, phân ph?i Poisson, phân ph?i nh? th?c, phân ph?i da th?c và phân ph?i gamma.
Các phuong pháp u?c lu?ng tham s?, bao g?m phuong sai, phuong sai trung bình, t? l?, phân ph?i và trung v?.
Ki?m d?nh gi? thuy?t và ki?m d?nh d? tin c?y.
Ð?c di?m c?a các phuong pháp phân tích d? li?u, bao g?m phân tích bi?n th?, phân tích phuong sai (ANOVA), phân tích h?i quy tuy?n tính và phi tuy?n tính.
Áp d?ng các phuong pháp xác su?t và th?ng kê d? gi?i quy?t các v?n d? th?c t?.
Khóa h?c này dành cho sinh viên dã có ki?n th?c co b?n v? xác su?t và th?ng kê, và c?n nâng cao ki?n ??th?c d? áp d?ng vào các linh v?c khác nhau nhu khoa h?c d? li?u, kinh doanh, tài chính, y t? và nhi?u ngành công nghi?p khác.",3/19/2022,2,2,3/21/2022,60,Nâng t?m ki?n th?c v? b? môn xác su?t th?ng kê
Lý thuy?t nhóm và bi?u di?n nhóm,img/course-2-18,100000 ,"Khóa h?c v? lý thuy?t nhóm và bi?u di?n nhóm là m?t khóa h?c chuyên sâu giúp h?c viên hi?u rõ v? lý thuy?t co b?n c?a các nhóm và cách bi?u di?n chúng. Trong khóa h?c này, h?c viên s? du?c gi?i thi?u v? các d?nh nghia và thu?c tính co b?n c?a nhóm, bao g?m nhóm Abel, nhóm chu?n, nhóm don, nhóm vòng, và nhóm Lie.

Sau dó, h?c viên s? du?c gi?ng d?y v? các lo?i bi?u di?n nhóm, bao g?m bi?u di?n d?i x?ng, bi?u di?n ma tr?n, bi?u di?n bi?n d?i tuy?n tính và bi?u di?n suy bi?n. H? s? h?c cách phân tích và k?t h?p các bi?u di?n nhóm, t?o ra các bi?u di?n m?i và áp d?ng chúng vào các ?ng d?ng trong v?t lý, toán h?c và khoa h?c máy tính.

Trong quá trình h?c, h?c viên s? du?c gi?i thích các ví d? c? th? và các bài toán khó trong lý thuy?t nhóm và bi?u di?n nhóm. H? cung s? du?c th?c hành qua các bài t?p và d? án nh? d? trau d?i k? nang phân tích và gi?i quy?t v?n d?.

Cu?i cùng, khóa h?c s? k?t thúc v?i các bài gi?ng v? ?ng d?ng c?a lý thuy?t nhóm và bi?u di?n nhóm trong các linh v?c khác nhau nhu v?t lý h?t nhân, v?t lý lu?ng t?, ho?c lý thuy?t m?ng neural. Khóa h?c này s? cung c?p cho h?c viên các ki?n th?c c?n thi?t d? nghiên c?u và làm vi?c trong các linh v?c này.",3/20/2022,2,2,3/22/2022,60,Hi?u rõ hon v? lý thuy?t nhóm và bi?u di?n nhóm
Topo vi phân,img/course-2-19,100000 ,"Khóa h?c v? Topo vi phân s? giúp sinh viên hi?u v? các khái ni?m co b?n và ?ng d?ng c?a Topo vi phân trong toán h?c và các linh v?c liên quan nhu khoa h?c máy tính, kinh t? h?c, v?t lý và sinh h?c.

Trong khóa h?c này, sinh viên s? du?c gi?i thi?u v? các khái ni?m can b?n c?a Topo vi phân nhu không gian metric, không gian topological, d?nh và du?ng biên, du?ng cong, t?p m? và t?p dóng, hàm liên t?c và hàm d?ng nh?t. Sau dó, sinh viên s? h?c v? các công c? và k? thu?t c?n thi?t d? nghiên c?u lý thuy?t Topo vi phân, nhu b? d? Urysohn, d?nh lý Tychonoff và d?nh lý Banach-Alaoglu.

Bên c?nh dó, khóa h?c cung giúp sinh viên áp d?ng Topo vi phân vào các v?n d? th?c t?. Ví d?, trong khoa h?c máy tính, Topo vi phân du?c s? d?ng d? phát hi?n các di?m n?i b?t trong hình ?nh, x? lý ngôn ng? t? nhiên và phân tích d? li?u. Trong kinh t? h?c, Topo vi phân du?c s? d?ng d? nghiên c?u các v?n d? tài chính và t?i uu hoá.

Cu?i cùng, khóa h?c Topo vi phân cung dua ra nh?ng bài toán th?c t? và giúp sinh viên rèn luy?n k? nang gi?i quy?t v?n d? và suy lu?n logic.",3/21/2022,2,2,3/23/2022,60,Hi?u rõ hon v? Topo vi phân
Không gian vector Topo,img/course-2-20,150000,"Khóa h?c v? không gian vector topo là m?t khóa h?c chuyên sâu trong linh v?c toán h?c, t?p trung vào vi?c nghiên c?u các tính ch?t c?a không gian vector và không gian topo. Khóa h?c này thu?ng du?c gi?ng d?y ? trình d? d?i h?c ho?c sau d?i h?c.

Trong khóa h?c này, sinh viên s? du?c h?c v? các khái ni?m và tính ch?t co b?n c?a không gian vector và không gian topo nhu: d?c l?p tuy?n tính, h?ng c?a m?t không gian vector, không gian con và không gian làm ph?ng, quan h? gi?a can c? và chi?u c?a m?t không gian vector, topology trên không gian vector và các tính ch?t co b?n c?a m?t không gian topo nhu d?nh nghia liên thông, ti?p xúc và do d?c.

Sinh viên s? du?c h?c cách áp d?ng các ki?n th?c và k? nang này d? gi?i quy?t các bài toán và ?ng d?ng th?c t?, bao g?m các v?n d? v? quy ho?ch tuy?n tính, h? phuong trình d?i s? tuy?n tính, phân tích d? li?u, thi?t k? m?ng và nhi?u linh v?c khác.

Khóa h?c này s? giúp sinh viên phát tri?n kh? nang tu duy logic, tr?u tu?ng hóa và gi?i quy?t v?n d?, cung nhu m? r?ng ki?n th?c, hi?u bi?t và cách ti?p c?n trong linh v?c toán h?c.",3/22/2022,2,3,3/24/2022,60,Hi?u rõ hon v? không gian vector Topo
Co s? hình h?c vi phân,img/course-2-21,150000,"Khóa h?c v? Co s? hình h?c vi phân (Foundations of Differential Geometry) là m?t khóa h?c tiên ti?n trong linh v?c Toán h?c, giúp sinh viên hi?u và ?ng d?ng các khái ni?m co b?n c?a Hình h?c vi phân trong nghiên c?u các v?n d? liên quan d?n khoa h?c máy tính, Khoa h?c v?t li?u, và các linh v?c khác.

Khóa h?c này bao g?m các ch? d? nhu: Không gian Euclid và không gian riêng bi?t, Ð? cong và d? cong riêng, Hình h?c d?i s?, Các chi?u song song và b? m?t, Lý thuy?t du?ng cong và b? m?t riêng bi?t, Các da t?a d? và các t? h?p tensor.

Sinh viên s? du?c h?c các khái ni?m co b?n v? d?nh nghia các khái ni?m nhu du?ng cong, b? m?t, d? cong và d? cong riêng, và áp d?ng chúng d? gi?i quy?t các v?n d? liên quan d?n t?i uu hoá, x? lý hình ?nh và c?m nh?n th? giác. Ngoài ra, sinh viên s? du?c gi?i thi?u v? các công c? toán h?c co b?n d? gi?i quy?t các v?n d? ph?c t?p trong linh v?c này.

Khóa h?c Co s? hình h?c vi phân là m?t khóa h?c quan tr?ng và r?t h?u ích cho nh?ng ai quan tâm d?n các ch? d? liên quan d?n toán h?c ?ng d?ng, khoa h?c máy tính và các ngành công ngh? khác. Nó cung là m?t co h?i tuy?t v?i d? h?c các ki?n ??th?c và k? nang c?n thi?t d? nghiên c?u ti?p các ch? d? liên quan d?n Hình h?c vi phân và các linh v?c liên quan.",3/23/2022,2,3,3/25/2022,90,Hi?u rõ hon v? co s? hình h?c vi phân
Hình h?c d?i s?,img/course-2-22,150000,"Khóa h?c hình h?c d?i s? là m?t khóa h?c toán h?c co b?n, nghiên c?u v? các d?i tu?ng hình h?c nhu di?m, du?ng, m?t trong không gian và k?t h?p v?i d?i s? d? xây d?ng các mô hình d?y d? hon. Khóa h?c này s? giúp sinh viên hi?u du?c các khái ni?m can b?n trong hình h?c d?i s?, bao g?m h? t?a d?, phuong trình du?ng th?ng và m?t ph?ng, vector, ma tr?n và d?nh lý Pythagoras.

Trong khóa h?c, sinh viên s? h?c cách s? d?ng các công c? hình h?c d?i s? d? gi?i quy?t các v?n d? th?c t? trong khoa h?c máy tính, k? thu?t, thi?t k? d? h?a và khoa h?c v?t lý. Sinh viên cung s? du?c dào t?o d? n?m v?ng các k? nang tính toán trên các hình h?c d?i s? d? gi?i các bài toán liên quan d?n kh?i lu?ng, di?n tích, th? tích, d? d?c, d? cong và kho?ng cách.

Ngoài ra, khóa h?c còn giúp sinh viên rèn luy?n k? nang tu duy logic, phân tích và gi?i quy?t các v?n d?, d?c bi?t là trong linh v?c khoa h?c máy tính. Khóa h?c hình h?c d?i s? cung c?p cho sinh viên n?n t?ng ki?n th?c ch?c ch?n và k? nang c?n thi?t d? phát tri?n s? nghi?p trong linh v?c này.",3/24/2022,2,3,3/26/2022,90,Hi?u rõ hon v? hình h?c d?i s?
Ð?i s? tuy?n tính III,img/course-2-23,150000,"Khóa h?c Ð?i s? tuy?n tính III là m?t khóa h?c nâng cao v? d?i s? tuy?n tính, du?c thi?t k? d? giúp sinh viên hi?u sâu hon v? các khái ni?m và ?ng d?ng c?a d?i s? tuy?n tính trong các linh v?c khoa h?c khác nhau.

Trong khóa h?c này, sinh viên s? du?c h?c v? các ch? d? nhu: không gian vector, phép bi?n d?i tuy?n tính, ma tr?n, giá tr? riêng và vecto riêng, da th?c ma tr?n và phép d?ng nh?t. Ngoài ra, sinh viên cung s? du?c th?c hành trên các bài t?p và ví d? d? rèn luy?n k? nang áp d?ng ki?n th?c vào th?c ti?n.

Khóa h?c Ð?i s? tuy?n tính III thu?ng du?c d?y trong chuong trình dào t?o các ngành khoa h?c t? nhiên, k? thu?t, toán h?c và các ngành liên quan. V?i ki?n th?c t? khóa h?c này, sinh viên có th? áp d?ng vào nhi?u linh v?c nhu khoa h?c máy tính, x? lý ?nh, di?n t?, co h?c, v?t lý và nhi?u linh v?c khác.",3/25/2022,2,3,3/27/2022,90,Làm ch? môn d?i s? tuy?n tính
Lý thuy?t s?,img/course-2-24,150000,"Khóa h?c lý thuy?t s? là m?t khóa h?c toán h?c cung c?p ki?n th?c v? các tính ch?t c?a s? nguyên và các phép toán liên quan d?n chúng. Khóa h?c này t?p trung vào vi?c nghiên c?u các tính ch?t co b?n c?a s? nguyên, ví d? nhu cách phân tích m?t s? thành các th?a s? nguyên t?, tính ch?n l? c?a s? và u?c chung l?n nh?t c?a các s?.

Ngoài ra, khóa h?c lý thuy?t s? cung bao g?m các ch? d? nhu lu?ng giác, hoán v? và k? thu?t mã hóa. H?c viên s? du?c h?c v? nh?ng phuong pháp d? gi?i các bài toán liên quan d?n lý thuy?t s?, xây d?ng các thu?t toán và áp d?ng chúng trong th?c ti?n.

Khóa h?c lý thuy?t s? có r?t nhi?u ?ng d?ng trong khoa h?c máy tính, m?t mã h?c và công ngh? thông tin. Nó cung r?t h?u ích cho nh?ng ngu?i làm vi?c v?i các h? th?ng mã hóa và b?o m?t, cung nhu cho nh?ng ngu?i quan tâm d?n các v?n d? liên quan d?n an toàn thông tin.",3/26/2022,2,3,3/28/2022,90,Hi?u rõ hon v? lý thuy?t s?
Gi?i tích ph? toán t?,img/course-2-25,150000,"Khóa h?c Gi?i tích ph? Toán t? là m?t khóa h?c chuyên sâu trong linh v?c Toán h?c, giúp sinh viên hi?u và áp d?ng các phuong pháp c?a Gi?i tích ph? d? gi?i quy?t các bài toán liên quan d?n các ph? toán t?.

Trong khóa h?c này, sinh viên s? du?c h?c v? các khái ni?m co b?n c?a Toán t? và ph? Toán t?, bao g?m các khái ni?m v? các phép bi?n d?i Fourier và Laplace, ?ng d?ng c?a chúng trong vi?c gi?i phuong trình vi phân và các bài toán liên quan d?n các ph? toán t?.

Sinh viên cung s? du?c h?c v? các k? thu?t tiên ti?n trong Gi?i tích ph? Toán t?, bao g?m các phuong pháp phân tích Vi phân, các phuong pháp nghiên c?u tích phân và các phuong pháp phân rã th?c.

Ngoài ra, khóa h?c cung d? c?p d?n nh?ng ?ng d?ng c?a Gi?i tích ph? Toán t? trong các linh v?c khác nhau nhu V?t lý lý thuy?t, Co h?c lu?ng t? và X? lý tín hi?u.

Tóm l?i, khóa h?c Gi?i tích ph? Toán t? là m?t khóa h?c chuyên sâu, cung c?p cho sinh viên các ki?n th?c và k? nang c?n thi?t d? có th? gi?i quy?t các bài toán liên quan d?n các ph? toán t? trong nhi?u linh v?c khác nhau.",3/27/2022,2,3,3/29/2022,90,Hi?u rõ hon v? gi?i tích ph? toán t?
Quá trình ng?u nhiên,img/course-2-26,150000,"Khóa h?c quá trình ng?u nhiên là m?t khóa h?c d?y thú v? và h?u ích cho nh?ng ai mu?n tìm hi?u v? lý thuy?t xác su?t và các ?ng d?ng c?a nó trong cu?c s?ng hàng ngày. Trong khóa h?c này, b?n s? h?c cách mô hình hoá và phân tích các quá trình ng?u nhiên, t? dó có th? d? doán các s? ki?n trong tuong lai.

B?n s? du?c hu?ng d?n chi ti?t v? lý thuy?t xác su?t, bao g?m các khái ni?m co b?n nhu bi?n ng?u nhiên, phân ph?i xác su?t và k? v?ng. Sau dó, b?n s? h?c v? các lo?i quá trình ng?u nhiên nhu quá trình Markov, quá trình Poisson và quá trình Gauss.

Trong quá trình h?c, b?n s? du?c áp d?ng các ki?n th?c dã h?c d? gi?i quy?t các v?n d? th?c t?, ch?ng h?n nhu d? doán s? lu?ng xe c? di qua m?t ngã tu trong m?t kho?ng th?i gian nh?t d?nh, ho?c tính toán xác su?t c?a m?t s? ki?n nào dó x?y ra.

Cu?i cùng, khi hoàn thành khóa h?c, b?n s? có ki?n th?c và k? nang d? áp d?ng lý thuy?t xác su?t vào cu?c s?ng hàng ngày c?a mình, t? dó giúp b?n ra các quy?t d?nh thông minh hon và hi?u rõ hon v? các khái ni?m xác su?t trong cu?c s?ng.",3/28/2022,2,3,3/30/2022,90,Hi?u rõ hon v? quá trình ng?u nhiên
Ði?u ki?n t?i uu,img/course-2-27,150000,"Khóa h?c v? di?u khi?n t?i uu là m?t khóa h?c chuyên sâu v? vi?c t?i uu hóa các h? th?ng d?ng. Khóa h?c này bao g?m các khái ni?m co b?n v? lý thuy?t t?i uu và phuong pháp di?u khi?n t?i uu, bao g?m:

T?i uu hoá: Các khái ni?m co b?n v? t?i uu hoá, d?nh nghia hàm m?c tiêu, ràng bu?c và phuong pháp gi?i quy?t bài toán t?i uu.

Ði?u khi?n t?i uu: T?ng quan v? di?u khi?n t?i uu, bao g?m các phuong pháp nhu di?u khi?n quy ho?ch tuy?n tính (LQR), di?u khi?n t?i uu d?a trên mô hình (MPC) và phuong pháp di?u khi?n t?i uu d?a trên k? ho?ch (OPC).

?ng d?ng: Các ?ng d?ng c?a di?u khi?n t?i uu trong các linh v?c nhu robot, di?u khi?n t? d?ng, di?u khi?n d?ng co, di?u khi?n hàng không vu tr?...

Th?c hành: Khóa h?c cung c?p các bài t?p th?c hành d? giúp sinh viên th?c hành và n?m v?ng ki?n th?c.

Sinh viên sau khi hoàn thành khóa h?c s? có hi?u bi?t sâu r?ng v? lý thuy?t t?i uu và phuong pháp di?u khi?n t?i uu, cung nhu tìm hi?u du?c cách áp d?ng ki?n th?c này vào th?c t?.",3/29/2022,2,3,3/31/2022,90,H?c cách di?u khi?n t?i uu
T?i uu r?i r?c,img/course-2-28,150000,"Khóa h?c v? t?i uu r?i r?c (discrete optimization) nh?m giúp sinh viên và chuyên gia trong linh v?c này h?c du?c các k? nang và công c? d? gi?i quy?t các v?n d? t?i uu hóa trong các bài toán r?i r?c.

Khóa h?c s? gi?i thi?u các phuong pháp t?i uu r?i r?c co b?n, bao g?m th? t?c tìm ki?m d?a phuong, gi?i thu?t di truy?n, và phuong pháp c?t nhánh và c?n. Sinh viên cung có th? h?c cách s? d?ng các công c? t?i uu hóa, ch?ng h?n nhu các ph?n m?m t?i uu hóa d?ng và các thu vi?n t?i uu hóa.

Ngoài ra, khóa h?c còn t?p trung vào các ?ng d?ng c?a t?i uu r?i r?c trong các linh v?c nhu kinh t?, khoa h?c máy tính, và k? thu?t. Sinh viên s? du?c dua ra các bài toán th?c t? và h?c cách áp d?ng các k? thu?t t?i uu r?i r?c d? gi?i quy?t chúng.

T?ng quan l?i, khóa h?c v? t?i uu r?i r?c cung c?p cho sinh viên m?t n?n t?ng v?ng ch?c d? gi?i quy?t các v?n d? t?i uu hóa r?i r?c, t? dó giúp h? tr? thành nh?ng chuyên gia trong linh v?c này.",3/30/2022,2,3,4/1/2022,90,H?c cách t?i uu r?i r?c
Lý thuy?t u?c lu?ng và ki?m d?nh gi? thuy?t,img/course-2-29,150000,"Khóa h?c v? Lý thuy?t u?c lu?ng và Ki?m d?nh gi? thuy?t là m?t khóa h?c trong linh v?c Th?ng kê, giúp sinh viên hi?u và áp d?ng các phuong pháp th?ng kê d? u?c lu?ng và ki?m d?nh gi? thuy?t.

Trong khóa h?c này, sinh viên s? du?c h?c v? các khái ni?m co b?n c?a Th?ng kê nhu: bi?n s?, t?p d? li?u, trung bình, phuong sai, d? l?ch chu?n và phân ph?i xác su?t.

Sinh viên s? du?c hu?ng d?n v? các phuong pháp u?c lu?ng, bao g?m u?c lu?ng di?m và u?c lu?ng kho?ng tin c?y. Khóa h?c cung d? c?p d?n các phuong pháp ki?m d?nh gi? thuy?t, bao g?m ki?m d?nh gi? thuy?t v? trung bình, ki?m d?nh gi? thuy?t v? phuong sai và ki?m d?nh gi? thuy?t v? t? l?.

Ngoài ra, khóa h?c còn dua ra các ?ng d?ng c?a Lý thuy?t u?c lu?ng và Ki?m d?nh gi? thuy?t trong các linh v?c khác nhau nhu Kinh t? h?c, Y h?c và Khoa h?c máy tính.

Tóm l?i, khóa h?c v? Lý thuy?t u?c lu?ng và Ki?m d?nh gi? thuy?t là m?t khóa h?c cung c?p cho sinh viên các ki?n th?c và k? nang c?n thi?t d? có th? áp d?ng các phuong pháp th?ng kê d? u?c lu?ng và ki?m d?nh nh?ng gi? thuy?t trong nhi?u linh v?c khác nhau.",3/31/2022,2,3,4/2/2022,90,N?m rõ lý thuy?t u?c lu?ng và ki?m d?nh gi? thuy?t
